text_size,pattern_len,build_ms,st_query_us,naive_query_us,st_nodes_visited,st_comparisons,naive_comparisons,avg_occurrences,speedup
100000,4,107.223,0.258536,1473.26,3.1,4,108848,227.85,5698.48
100000,8,107.223,0.441407,1490.51,5,8,109919,71.375,3376.71
100000,16,107.223,0.661085,1484.01,6.6,16,109676,1.75,2244.82
500000,4,573.566,0.27682,7463.57,3.375,4,549491,1092,26961.9
500000,8,573.566,0.420947,7518.8,4.775,8,554029,384.55,17861.6
500000,16,573.566,0.726129,7604.08,7.6,16,557103,3.7,10472.1
1000000,4,1258.14,0.268435,14998.8,3.25,4,1.10394e+06,1994.12,55875
1000000,8,1258.14,0.445862,14756.9,5.05,8,1.09353e+06,411.175,33097.5
1000000,16,1258.14,0.734069,14790.1,7.7,16,1.09507e+06,8.275,20148.2
